id,name,url,category,subcategory,description,keyFeatures,startingPrice,easeOfUse,setupTime,integrations,useCase,industryROI,specialization,specializationScore,founded,isAINative,urlStatus,crossIndustry,painPointSolved
"142","SmartCRM Hub","https://smartcrmhub.com","Cross-Industry Business Functions","Customer Relationship Management (CRM)","Industry-agnostic AI system that resolves scattered customer data through sophisticated contact management automation","Advanced contact management automation Intelligent automation Cross-platform integration","Starting at $39/month","8","30 minutes","Email platforms Marketing tools Sales software","Businesses across all industries needing contact management automation","200-500%","contact management automation","9.6","2024","true","valid","true","scattered customer data"
"143","IntelligentCustomer Suite","https://intelligentcustomersuite.com","Cross-Industry Business Functions","Customer Relationship Management (CRM)","Cross-industry platform solving manual lead tracking with intelligent sales pipeline optimization capabilities","Advanced sales pipeline optimization Intelligent automation Cross-platform integration","Starting at $64/month","8","15 minutes","Email platforms Marketing tools Sales software","Businesses across all industries needing sales pipeline optimization","200-500%","sales pipeline optimization","9.5","2024","true","valid","true","manual lead tracking"
"144","AutoContact Pro","https://autocontactpro.com","Cross-Industry Business Functions","Customer Relationship Management (CRM)","Cross-industry platform solving poor customer insights with intelligent customer behavior analytics capabilities","Advanced customer behavior analytics Intelligent automation Cross-platform integration","Starting at $89/month","8","1 hour","Email platforms Marketing tools Sales software","Businesses across all industries needing customer behavior analytics","200-500%","customer behavior analytics","9.5","2023","true","valid","true","poor customer insights"
"145","AIRelationship Assistant","https://airelationshipassistant.com","Cross-Industry Business Functions","Customer Relationship Management (CRM)","Cross-industry platform solving inefficient sales processes with intelligent lead qualification capabilities","Advanced lead qualification Intelligent automation Cross-platform integration","Starting at $114/month","9","15 minutes","Email platforms Marketing tools Sales software","Businesses across all industries needing lead qualification","200-500%","lead qualification","8.8","2023","true","valid","true","inefficient sales processes"
"146","SmartMarketing Hub","https://smartmarketinghub.com","Cross-Industry Business Functions","Marketing & Advertising","Industry-agnostic AI system that resolves low campaign ROI through sophisticated campaign optimization","Advanced campaign optimization Intelligent automation Cross-platform integration","Starting at $29/month","8","1 hour","Social platforms Email systems Ad networks","Businesses across all industries needing campaign optimization","150-400%","campaign optimization","9.2","2024","true","valid","true","low campaign ROI"
"147","IntelligentCampaign Suite","https://intelligentcampaignsuite.com","Cross-Industry Business Functions","Marketing & Advertising","AI-powered solution that eliminates manual campaign management through advanced audience segmentation for businesses of all sizes","Advanced audience segmentation Intelligent automation Cross-platform integration","Starting at $54/month","8","1 hour","Social platforms Email systems Ad networks","Businesses across all industries needing audience segmentation","150-400%","audience segmentation","9.1","2023","true","valid","true","manual campaign management"
"148","AutoAd Pro","https://autoadpro.com","Cross-Industry Business Functions","Marketing & Advertising","Industry-agnostic AI system that resolves poor audience targeting through sophisticated ad performance analysis","Advanced ad performance analysis Intelligent automation Cross-platform integration","Starting at $79/month","8","30 minutes","Social platforms Email systems Ad networks","Businesses across all industries needing ad performance analysis","150-400%","ad performance analysis","9.1","2023","true","valid","true","poor audience targeting"
"149","AIPromo Assistant","https://aipromoassistant.com","Cross-Industry Business Functions","Marketing & Advertising","Smart solution that transforms content creation bottlenecks into competitive advantage using content personalization","Advanced content personalization Intelligent automation Cross-platform integration","Starting at $104/month","8","1 hour","Social platforms Email systems Ad networks","Businesses across all industries needing content personalization","150-400%","content personalization","8.8","2024","true","valid","true","content creation bottlenecks"
"150","SmartSales Hub","https://smartsaleshub.com","Cross-Industry Business Functions","Sales & Lead Generation","Industry-agnostic AI system that resolves qualified lead shortage through sophisticated lead generation automation","Advanced lead generation automation Intelligent automation Cross-platform integration","Starting at $49/month","9","2 hours","CRM systems Email platforms Sales tools","Businesses across all industries needing lead generation automation","250-600%","lead generation automation","9.3","2024","true","valid","true","qualified lead shortage"
"151","IntelligentLead Suite","https://intelligentleadsuite.com","Cross-Industry Business Functions","Sales & Lead Generation","Smart solution that transforms manual sales tasks into competitive advantage using sales process optimization","Advanced sales process optimization Intelligent automation Cross-platform integration","Starting at $74/month","9","1 hour","CRM systems Email platforms Sales tools","Businesses across all industries needing sales process optimization","250-600%","sales process optimization","9.5","2024","true","valid","true","manual sales tasks"
"152","AutoPipeline Pro","https://autopipelinepro.com","Cross-Industry Business Functions","Sales & Lead Generation","Industry-agnostic AI system that resolves slow proposal creation through sophisticated proposal automation","Advanced proposal automation Intelligent automation Cross-platform integration","Starting at $99/month","8","2 hours","CRM systems Email platforms Sales tools","Businesses across all industries needing proposal automation","250-600%","proposal automation","9.3","2024","true","valid","true","slow proposal creation"
"153","AIRevenue Assistant","https://airevenueassistant.com","Cross-Industry Business Functions","Sales & Lead Generation","AI-powered solution that eliminates poor sales visibility through advanced sales performance analytics for businesses of all sizes","Advanced sales performance analytics Intelligent automation Cross-platform integration","Starting at $124/month","9","2 hours","CRM systems Email platforms Sales tools","Businesses across all industries needing sales performance analytics","250-600%","sales performance analytics","9.5","2024","true","valid","true","poor sales visibility"
"154","SmartContent Hub","https://smartcontenthub.com","Cross-Industry Business Functions","Content Creation & Management","AI-powered solution that eliminates time-consuming content creation through advanced automated content generation for businesses of all sizes","Advanced automated content generation Intelligent automation Cross-platform integration","Starting at $19/month","9","15 minutes","CMS platforms Social media Design tools","Businesses across all industries needing automated content generation","180-350%","automated content generation","8.8","2024","true","valid","true","time-consuming content creation"
"155","IntelligentCreative Suite","https://intelligentcreativesuite.com","Cross-Industry Business Functions","Content Creation & Management","Industry-agnostic AI system that resolves inconsistent brand voice through sophisticated brand voice consistency","Advanced brand voice consistency Intelligent automation Cross-platform integration","Starting at $44/month","9","30 minutes","CMS platforms Social media Design tools","Businesses across all industries needing brand voice consistency","180-350%","brand voice consistency","8.8","2024","true","valid","true","inconsistent brand voice"
"156","AutoMedia Pro","https://automediapro.com","Cross-Industry Business Functions","Content Creation & Management","AI-powered solution that eliminates content asset chaos through advanced digital asset management for businesses of all sizes","Advanced digital asset management Intelligent automation Cross-platform integration","Starting at $69/month","9","30 minutes","CMS platforms Social media Design tools","Businesses across all industries needing digital asset management","180-350%","digital asset management","8.8","2024","true","valid","true","content asset chaos"
"157","AIAsset Assistant","https://aiassetassistant.com","Cross-Industry Business Functions","Content Creation & Management","Universal business tool addressing manual publishing via automated content distribution automation technology","Advanced content distribution automation Intelligent automation Cross-platform integration","Starting at $94/month","8","1 hour","CMS platforms Social media Design tools","Businesses across all industries needing content distribution automation","180-350%","content distribution automation","9.6","2024","true","valid","true","manual publishing"
"158","SmartSupport Hub","https://smartsupporthub.com","Cross-Industry Business Functions","Customer Support & Service","Universal business tool addressing long response times via automated response automation technology","Advanced response automation Intelligent automation Cross-platform integration","Starting at $35/month","8","30 minutes","Help desk systems Chat platforms CRM tools","Businesses across all industries needing response automation","200-450%","response automation","9.3","2024","true","valid","true","long response times"
"159","IntelligentService Suite","https://intelligentservicesuite.com","Cross-Industry Business Functions","Customer Support & Service","Smart solution that transforms repetitive support queries into competitive advantage using intelligent chatbots","Advanced intelligent chatbots Intelligent automation Cross-platform integration","Starting at $60/month","8","30 minutes","Help desk systems Chat platforms CRM tools","Businesses across all industries needing intelligent chatbots","200-450%","intelligent chatbots","9.2","2024","true","valid","true","repetitive support queries"
"160","AutoHelp Pro","https://autohelppro.com","Cross-Industry Business Functions","Customer Support & Service","AI-powered solution that eliminates ticket overload through advanced ticket prioritization for businesses of all sizes","Advanced ticket prioritization Intelligent automation Cross-platform integration","Starting at $85/month","9","15 minutes","Help desk systems Chat platforms CRM tools","Businesses across all industries needing ticket prioritization","200-450%","ticket prioritization","8.8","2023","true","valid","true","ticket overload"
"161","AIChat Assistant","https://aichatassistant.com","Cross-Industry Business Functions","Customer Support & Service","AI-powered solution that eliminates poor customer satisfaction through advanced satisfaction prediction for businesses of all sizes","Advanced satisfaction prediction Intelligent automation Cross-platform integration","Starting at $110/month","8","1 hour","Help desk systems Chat platforms CRM tools","Businesses across all industries needing satisfaction prediction","200-450%","satisfaction prediction","9.4","2023","true","valid","true","poor customer satisfaction"
"162","SmartFinance Hub","https://smartfinancehub.com","Cross-Industry Business Functions","Finance & Accounting","Smart solution that transforms manual expense tracking into competitive advantage using expense automation","Advanced expense automation Intelligent automation Cross-platform integration","Starting at $59/month","8","2 hours","Accounting software Banking systems ERP platforms","Businesses across all industries needing expense automation","300-700%","expense automation","9.8","2024","true","valid","true","manual expense tracking"
"163","IntelligentAccounting Suite","https://intelligentaccountingsuite.com","Cross-Industry Business Functions","Finance & Accounting","Smart solution that transforms invoice processing delays into competitive advantage using invoice processing","Advanced invoice processing Intelligent automation Cross-platform integration","Starting at $84/month","9","1 day","Accounting software Banking systems ERP platforms","Businesses across all industries needing invoice processing","300-700%","invoice processing","9","2023","true","valid","true","invoice processing delays"
"164","AutoMoney Pro","https://automoneypro.com","Cross-Industry Business Functions","Finance & Accounting","Cross-industry platform solving complex financial reporting with intelligent financial insights capabilities","Advanced financial insights Intelligent automation Cross-platform integration","Starting at $109/month","9","1 hour","Accounting software Banking systems ERP platforms","Businesses across all industries needing financial insights","300-700%","financial insights","9","2023","true","valid","true","complex financial reporting"
"165","AIBudget Assistant","https://aibudgetassistant.com","Cross-Industry Business Functions","Finance & Accounting","Cross-industry platform solving budget planning difficulties with intelligent budget forecasting capabilities","Advanced budget forecasting Intelligent automation Cross-platform integration","Starting at $134/month","8","1 day","Accounting software Banking systems ERP platforms","Businesses across all industries needing budget forecasting","300-700%","budget forecasting","9.3","2024","true","valid","true","budget planning difficulties"
"166","SmartHR Hub","https://smarthrhub.com","Cross-Industry Business Functions","Human Resources & Talent","AI-powered solution that eliminates time-consuming recruitment through advanced recruitment automation for businesses of all sizes","Advanced recruitment automation Intelligent automation Cross-platform integration","Starting at $45/month","9","2 hours","HR systems Job boards Learning platforms","Businesses across all industries needing recruitment automation","250-550%","recruitment automation","9.3","2024","true","valid","true","time-consuming recruitment"
"167","IntelligentTalent Suite","https://intelligenttalentsuite.com","Cross-Industry Business Functions","Human Resources & Talent","Industry-agnostic AI system that resolves employee engagement issues through sophisticated employee engagement tracking","Advanced employee engagement tracking Intelligent automation Cross-platform integration","Starting at $70/month","8","1 day","HR systems Job boards Learning platforms","Businesses across all industries needing employee engagement tracking","250-550%","employee engagement tracking","8.8","2024","true","valid","true","employee engagement issues"
"168","AutoPeople Pro","https://autopeoplepro.com","Cross-Industry Business Functions","Human Resources & Talent","Cross-industry platform solving performance tracking complexity with intelligent performance analytics capabilities","Advanced performance analytics Intelligent automation Cross-platform integration","Starting at $95/month","8","1 hour","HR systems Job boards Learning platforms","Businesses across all industries needing performance analytics","250-550%","performance analytics","9.2","2023","true","valid","true","performance tracking complexity"
"169","AIRecruit Assistant","https://airecruitassistant.com","Cross-Industry Business Functions","Human Resources & Talent","AI-powered solution that eliminates training inefficiencies through advanced training optimization for businesses of all sizes","Advanced training optimization Intelligent automation Cross-platform integration","Starting at $120/month","8","1 hour","HR systems Job boards Learning platforms","Businesses across all industries needing training optimization","250-550%","training optimization","9.5","2024","true","valid","true","training inefficiencies"
"170","SmartProject Hub","https://smartprojecthub.com","Cross-Industry Business Functions","Project Management","Smart solution that transforms project delays into competitive advantage using task automation","Advanced task automation Intelligent automation Cross-platform integration","Starting at $25/month","9","15 minutes","Project tools Team platforms Calendar systems","Businesses across all industries needing task automation","200-400%","task automation","9.3","2023","true","valid","true","project delays"
"171","IntelligentTask Suite","https://intelligenttasksuite.com","Cross-Industry Business Functions","Project Management","Cross-industry platform solving resource allocation issues with intelligent resource optimization capabilities","Advanced resource optimization Intelligent automation Cross-platform integration","Starting at $50/month","9","1 hour","Project tools Team platforms Calendar systems","Businesses across all industries needing resource optimization","200-400%","resource optimization","9.2","2024","true","valid","true","resource allocation issues"
"172","AutoTeam Pro","https://autoteampro.com","Cross-Industry Business Functions","Project Management","AI-powered solution that eliminates poor team coordination through advanced timeline prediction for businesses of all sizes","Advanced timeline prediction Intelligent automation Cross-platform integration","Starting at $75/month","9","30 minutes","Project tools Team platforms Calendar systems","Businesses across all industries needing timeline prediction","200-400%","timeline prediction","9.4","2023","true","valid","true","poor team coordination"
"173","AIPlan Assistant","https://aiplanassistant.com","Cross-Industry Business Functions","Project Management","Cross-industry platform solving lack of project visibility with intelligent collaboration enhancement capabilities","Advanced collaboration enhancement Intelligent automation Cross-platform integration","Starting at $100/month","9","15 minutes","Project tools Team platforms Calendar systems","Businesses across all industries needing collaboration enhancement","200-400%","collaboration enhancement","9.1","2024","true","valid","true","lack of project visibility"
"174","SmartComm Hub","https://smartcommhub.com","Cross-Industry Business Functions","Communication & Collaboration","AI-powered solution that eliminates communication silos through advanced intelligent messaging for businesses of all sizes","Advanced intelligent messaging Intelligent automation Cross-platform integration","Starting at $15/month","8","30 minutes","Communication tools Document systems Knowledge bases","Businesses across all industries needing intelligent messaging","150-300%","intelligent messaging","9.5","2024","true","valid","true","communication silos"
"175","IntelligentCollab Suite","https://intelligentcollabsuite.com","Cross-Industry Business Functions","Communication & Collaboration","Cross-industry platform solving meeting inefficiencies with intelligent meeting optimization capabilities","Advanced meeting optimization Intelligent automation Cross-platform integration","Starting at $40/month","9","30 minutes","Communication tools Document systems Knowledge bases","Businesses across all industries needing meeting optimization","150-300%","meeting optimization","9.5","2024","true","valid","true","meeting inefficiencies"
"176","AutoTeam Pro","https://autoteampro.com","Cross-Industry Business Functions","Communication & Collaboration","Smart solution that transforms document version chaos into competitive advantage using document intelligence","Advanced document intelligence Intelligent automation Cross-platform integration","Starting at $65/month","9","30 minutes","Communication tools Document systems Knowledge bases","Businesses across all industries needing document intelligence","150-300%","document intelligence","9.2","2024","true","valid","true","document version chaos"
"177","AIMeet Assistant","https://aimeetassistant.com","Cross-Industry Business Functions","Communication & Collaboration","Cross-industry platform solving knowledge loss with intelligent knowledge automation capabilities","Advanced knowledge automation Intelligent automation Cross-platform integration","Starting at $90/month","8","30 minutes","Communication tools Document systems Knowledge bases","Businesses across all industries needing knowledge automation","150-300%","knowledge automation","9.3","2024","true","valid","true","knowledge loss"
"178","SmartAnalytics Hub","https://smartanalyticshub.com","Cross-Industry Business Functions","Data Analytics & Business Intelligence","Cross-industry platform solving data complexity with intelligent intelligent visualization capabilities","Advanced intelligent visualization Intelligent automation Cross-platform integration","Starting at $79/month","8","2 days","Database systems Analytics platforms BI tools","Businesses across all industries needing intelligent visualization","350-800%","intelligent visualization","9.7","2024","true","valid","true","data complexity"
"179","IntelligentData Suite","https://intelligentdatasuite.com","Cross-Industry Business Functions","Data Analytics & Business Intelligence","Smart solution that transforms lack of predictive insights into competitive advantage using predictive modeling","Advanced predictive modeling Intelligent automation Cross-platform integration","Starting at $104/month","8","1 day","Database systems Analytics platforms BI tools","Businesses across all industries needing predictive modeling","350-800%","predictive modeling","9","2024","true","valid","true","lack of predictive insights"
"180","AutoBI Pro","https://autobipro.com","Cross-Industry Business Functions","Data Analytics & Business Intelligence","Industry-agnostic AI system that resolves manual reporting through sophisticated automated reporting","Advanced automated reporting Intelligent automation Cross-platform integration","Starting at $129/month","9","1 day","Database systems Analytics platforms BI tools","Businesses across all industries needing automated reporting","350-800%","automated reporting","9.3","2024","true","valid","true","manual reporting"
"181","AIInsights Assistant","https://aiinsightsassistant.com","Cross-Industry Business Functions","Data Analytics & Business Intelligence","Cross-industry platform solving poor performance visibility with intelligent performance intelligence capabilities","Advanced performance intelligence Intelligent automation Cross-platform integration","Starting at $154/month","8","1 day","Database systems Analytics platforms BI tools","Businesses across all industries needing performance intelligence","350-800%","performance intelligence","9.7","2024","true","valid","true","poor performance visibility"
"182","SmartSecurity Hub","https://smartsecurityhub.com","Cross-Industry Business Functions","Cybersecurity & Compliance","Cross-industry platform solving security vulnerabilities with intelligent threat intelligence capabilities","Advanced threat intelligence Intelligent automation Cross-platform integration","Starting at $99/month","9","1 week","Security systems Compliance tools Network monitoring","Businesses across all industries needing threat intelligence","400-900%","threat intelligence","9.7","2024","true","valid","true","security vulnerabilities"
"183","IntelligentSecure Suite","https://intelligentsecuresuite.com","Cross-Industry Business Functions","Cybersecurity & Compliance","Universal business tool addressing compliance complexity via automated compliance automation technology","Advanced compliance automation Intelligent automation Cross-platform integration","Starting at $124/month","9","2 days","Security systems Compliance tools Network monitoring","Businesses across all industries needing compliance automation","400-900%","compliance automation","9.8","2024","true","valid","true","compliance complexity"
"184","AutoProtect Pro","https://autoprotectpro.com","Cross-Industry Business Functions","Cybersecurity & Compliance","Industry-agnostic AI system that resolves threat detection delays through sophisticated security analytics","Advanced security analytics Intelligent automation Cross-platform integration","Starting at $149/month","9","2 days","Security systems Compliance tools Network monitoring","Businesses across all industries needing security analytics","400-900%","security analytics","9.4","2024","true","valid","true","threat detection delays"
"185","AIComply Assistant","https://aicomplyassistant.com","Cross-Industry Business Functions","Cybersecurity & Compliance","Industry-agnostic AI system that resolves risk assessment difficulties through sophisticated risk prediction","Advanced risk prediction Intelligent automation Cross-platform integration","Starting at $174/month","9","1 day","Security systems Compliance tools Network monitoring","Businesses across all industries needing risk prediction","400-900%","risk prediction","9.3","2024","true","valid","true","risk assessment difficulties"
"186","SmartOps Hub","https://smartopshub.com","Cross-Industry Business Functions","Operations & Workflow Automation","AI-powered solution that eliminates manual processes through advanced process automation for businesses of all sizes","Advanced process automation Intelligent automation Cross-platform integration","Starting at $69/month","9","1 hour","ERP systems Workflow tools Quality systems","Businesses across all industries needing process automation","300-650%","process automation","9.6","2024","true","valid","true","manual processes"
"187","IntelligentWorkflow Suite","https://intelligentworkflowsuite.com","Cross-Industry Business Functions","Operations & Workflow Automation","Universal business tool addressing workflow inefficiencies via automated workflow intelligence technology","Advanced workflow intelligence Intelligent automation Cross-platform integration","Starting at $94/month","9","1 hour","ERP systems Workflow tools Quality systems","Businesses across all industries needing workflow intelligence","300-650%","workflow intelligence","9.5","2024","true","valid","true","workflow inefficiencies"
"188","AutoProcess Pro","https://autoprocesspro.com","Cross-Industry Business Functions","Operations & Workflow Automation","Universal business tool addressing quality inconsistencies via automated quality prediction technology","Advanced quality prediction Intelligent automation Cross-platform integration","Starting at $119/month","9","1 day","ERP systems Workflow tools Quality systems","Businesses across all industries needing quality prediction","300-650%","quality prediction","9.1","2024","true","valid","true","quality inconsistencies"
"189","AIAuto Assistant","https://aiautoassistant.com","Cross-Industry Business Functions","Operations & Workflow Automation","Cross-industry platform solving supply chain disruptions with intelligent supply chain optimization capabilities","Advanced supply chain optimization Intelligent automation Cross-platform integration","Starting at $144/month","9","1 day","ERP systems Workflow tools Quality systems","Businesses across all industries needing supply chain optimization","300-650%","supply chain optimization","9.2","2024","true","valid","true","supply chain disruptions"
"190","SmartAI Hub","https://smartaihub.com","Cross-Industry Business Functions","Artificial Intelligence & Automation","Universal business tool addressing AI implementation complexity via automated AI integration technology","Advanced AI integration Intelligent automation Cross-platform integration","Starting at $99/month","8","2 days","AI platforms Development tools Business systems","Businesses across all industries needing AI integration","500-1200%","AI integration","9.3","2024","true","valid","true","AI implementation complexity"
"191","IntelligentAuto Suite","https://intelligentautosuite.com","Cross-Industry Business Functions","Artificial Intelligence & Automation","AI-powered solution that eliminates automation gaps through advanced comprehensive automation for businesses of all sizes","Advanced comprehensive automation Intelligent automation Cross-platform integration","Starting at $124/month","9","1 week","AI platforms Development tools Business systems","Businesses across all industries needing comprehensive automation","500-1200%","comprehensive automation","9.5","2023","true","valid","true","automation gaps"
